method,variance,mean,median,max,min,filtered_count
RDM,4.9989962702126944e+17,-32396917.175660796,-19893.50750149886,-14.39794278094779,-22179177843.452877,19
GA,169373048818807.28,-728892.208896753,-374.7609049381218,-0.07352732487965054,-348992105.70329297,403
RGDG T1,170281533493.47455,-82612.87485152381,-9648.387629998013,-350.2778966588313,-7776981.941321737,0
RGDG T2,221064.84887673068,-428.37057197546244,-259.13337294422286,-1.2749370211507722,-3105.2511763040807,388
RGDG T3,32681.40214204662,-203.98116923227846,-151.49631496919648,-4.359308214330722,-1643.338067530466,684
RGDG T4,20377.450649743885,-310.02947302052814,-285.1879720373036,-43.05682219048205,-1283.525120933253,128
