method,variance,mean,median,max,min,filtered_count
RDM,4.9989962702126944e+17,-32396917.175660796,-19893.50750149886,-14.39794278094779,-22179177843.452877,19
GA,14461930638135.46,-224113.09009906318,-338.59713771030766,-0.09754403714852812,-90044221.38972604,447
RGDG T1,208768174204.44788,-91821.7006825543,-6959.306897541437,-422.4433162192137,-5954114.355793244,0
RGDG T2,11823.064305181042,-128.14053258694994,-107.61462550160354,-0.2167697224622969,-651.8302207068357,742
RGDG T3,1449.6953721661453,-100.40952998179158,-96.11579767833913,-26.997383678137798,-241.61828473545876,994
RGDG T4,1947.7594135858951,-236.44369362585263,-232.914806681651,-76.40273165942345,-334.36083553956854,232
