method,variance,mean,median,max,min,filtered_count
RDM,4.9989962702126944e+17,-32396917.175660796,-19893.50750149886,-14.39794278094779,-22179177843.452877,19
GA,5.714451227862271e+17,-24035434.774669774,-482.7392053052281,-0.09889184787384046,-23916935799.604828,362
RGDG T1,334478114418.0551,-98888.81949742221,-6844.767716535254,-324.15746346791383,-9475724.522817567,0
RGDG T2,11833.410876754748,-122.68976983375003,-96.73790746631249,-0.012210001930537345,-681.753381537384,771
RGDG T3,1510.9952813945245,-99.88649226561505,-96.44033575829943,-25.275545663571044,-243.24199081093815,992
RGDG T4,1870.9264913427576,-238.18466561840754,-234.752576997591,-135.2638750949894,-348.1346885906876,218
