method,variance,mean,max,min,filtered_count
pure_random,4.9989962702126944e+17,-32396917.175660796,-14.39794278094779,-22179177843.452877,19
GA,19343860406594.055,-269216.92100753967,-0.3002491776508132,-115443899.5616514,390
delta_greedy,91701827978.66434,-63045.069794696225,-376.2361578163693,-4733594.789583181,0
delta_greedy,215459.4771381967,-410.0153817167738,-0.9590971456435317,-3636.6010899138255,426
delta_greedy,32532.251382948398,-208.61756918048516,-8.250580018768503,-1369.6253542692384,666
delta_greedy,20173.931903612855,-313.0341481277948,-22.59774773277317,-1162.2496304338279,121
