method,variance,mean,median,max,min,filtered_count
RDM,3.4041468005008855e+18,-75596222.8531776,-9190.681589252401,-314.13908444504494,-55051176199.782776,0
GA,2260978683126.2754,-141817.39335946075,-1355.978084545058,-0.4772427898513789,-28333263.93456971,250
RGDG T1,18991153468.467255,-47140.11486028742,-4933.052184532329,-2.5788351433818795,-964584.9898719807,131
RGDG T2,81199.94019644137,-370.2017590668798,-314.6552002780157,-0.18105725635003164,-1994.2451421428088,311
RGDG T3,160228.56311857575,-502.23921125019393,-398.1856463390634,-0.4540759873488764,-2057.2296576482627,232
RGDG T4,136924.35678495726,-608.6510302268548,-583.3978365411208,-2.1445904625825545,-1958.8953096404005,168
