method,variance,mean,median,max,min,filtered_count
pure_random,4.9989962702126944e+17,-32396917.175660796,-19893.50750149886,-14.39794278094779,-22179177843.452877,19
GA,21128362347032.547,-360965.4988885678,-430.5316817391876,-0.04038541265873428,-76070973.4226169,391
RGDG T1,394235410760.77075,-111814.9093888992,-8893.9750688628,-386.0473104468038,-10140632.393554965,0
RGDG T2,243186.73729320362,-410.6680481540717,-232.8135783374627,-1.7988848894824099,-3576.5294909405147,442
RGDG T3,35091.14054120811,-202.6088625170834,-150.93910159007095,-1.257743951684941,-1778.6704156972232,665
RGDG T4,20752.29549640826,-314.97301388449154,-287.76455352060896,-19.8854478011502,-1280.7441994175554,121
